NoteTaking2,NoteTaking4
NoteTaking3,NoteTaking2
NoteTaking3,NoteTaking4
NoteTaking4,NoteTaking2
NoteTaking4,NoteTaking3
ExpenseTracker1,ExpenseTracker2
ExpenseTracker1,ExpenseTracker3
ExpenseTracker1,ExpenseTracker4
ExpenseTracker2,ExpenseTracker1
ExpenseTracker2,ExpenseTracker3
ExpenseTracker2,ExpenseTracker4
ExpenseTracker3,ExpenseTracker1
ExpenseTracker3,ExpenseTracker2
ExpenseTracker3,ExpenseTracker4
ExpenseTracker4,ExpenseTracker1
ExpenseTracker4,ExpenseTracker2
ExpenseTracker4,ExpenseTracker3
ShoppingList1,ShoppingList2
ShoppingList1,ShoppingList3
ShoppingList2,ShoppingList1
ShoppingList2,ShoppingList3
ShoppingList3,ShoppingList1
ShoppingList3,ShoppingList2
ShoppingList4,ShoppingList1
ShoppingList4,ShoppingList2
ShoppingList4,ShoppingList3
